title,link
指揮中心解編倒數！新冠降級這些事回不去,https://www.setn.com/News.aspx?NewsID=1285870
江蕙封麥8年親揭退休生活　超狂2身分曝光,https://www.setn.com/News.aspx?NewsID=1285862
AV導演自肥約嫩妹吃香蕉　炒飯妹氣炸開扁,https://www.setn.com/News.aspx?NewsID=1285245
4車追撞疊羅漢！9歲女童被壓淒厲哭喊救命,https://www.setn.com/News.aspx?NewsID=1284979
人氣樂團台上砸吉他　拒提黑歷史：別搜尋,https://www.setn.com/News.aspx?NewsID=1285937
爆熱戀席惟倫　王子15字揭「真實關係」,https://www.setn.com/News.aspx?NewsID=1285969
新歡「帥哥老闆」曝光　林采緹洩想再婚了,https://www.setn.com/News.aspx?NewsID=1285863
鮮肉男星路邊親親摸臀　激情互動全被拍,https://www.setn.com/News.aspx?NewsID=1285698
加油！聯華惡火3命危撿回命只剩她未脫險,https://www.setn.com/News.aspx?NewsID=1285873
獨／大方曝光前任《天道》謝承均認最愛她,https://www.setn.com/News.aspx?NewsID=1285749
